id,kindergarten_id,date,name,type,calories,allergens,waste,picture,label,type_label,waste_label,kindergarten_label,rating_children,rating_parents,rating_average,health
17,12,2020-12-07,"Zupa grochowa z kiełbasą, pieczywo",lunch_pl,424.53,"1, 7, 9",5to10_pl,http://creatinginterfaces.demo.52north.org/slupsk-tool/media/kindergartendishs/IMG_20201207_112825.jpg,"Zupa grochowa z kiełbasą, pieczywo",Obiad,od 5 % do 10 %,Przedszkole Miejskie nr 12 Niezapominajka,4.17,4.67,4.39,4.67
4,22,2020-10-06,Klopsiki drobiowe w sosie śmietanowo - koperkowym z ziemniakami,lunch_pl,270,"1, 3, 7",11to25_pl,http://creatinginterfaces.demo.52north.org/slupsk-tool/media/kindergartendishs/8.jpg,Klopsiki drobiowe w sosie śmietanowo - koperkowym z ziemniakami,Obiad,od 11 % do 25 %,Przedszkole Miejskie nr 25 im. Kubusia Puchatka,NA,NA,4.39,NA
5,22,2020-10-07,Spaghetti,lunch_pl,356,"1, 3, 6, 7",NA,http://creatinginterfaces.demo.52north.org/slupsk-tool/media/kindergartendishs/15.jpg,Spaghetti,Obiad,NA,Przedszkole Miejskie nr 25 im. Kubusia Puchatka,NA,NA,NA,NA
6,22,2020-10-08,Polędwiczki wieprzowe w sosie własnym z kaszą jęczmienną i surówką z selera,lunch_pl,324,"1, 7, 9, 12",11to25_pl,http://creatinginterfaces.demo.52north.org/slupsk-tool/media/kindergartendishs/3_1.jpg,Polędwiczki wieprzowe w sosie własnym z kaszą jęczmienną i surówką z selera,Obiad,od 11 % do 25 %,Przedszkole Miejskie nr 25 im. Kubusia Puchatka,NA,NA,NA,NA
3,12,2020-10-08,Pierogi leniwe z surówką z marchwi,lunch_pl,475,"1, 3, 7",less5_pl,http://creatinginterfaces.demo.52north.org/slupsk-tool/media/kindergartendishs/II_danie_i_podwieczorek-08.10.2020_1.jpg,Pierogi leniwe z surówką z marchwi,Obiad,mniej niż 5 %,Przedszkole Miejskie nr 12 Niezapominajka,NA,NA,NA,NA
7,12,2020-10-06,Indyk z kolorową papryką i ryżem,lunch_pl,438,1,NA,http://creatinginterfaces.demo.52north.org/slupsk-tool/media/kindergartendishs/II_danie_-_06.10.2020.jpg,Indyk z kolorową papryką i ryżem,Obiad,NA,Przedszkole Miejskie nr 12 Niezapominajka,NA,NA,NA,NA
8,12,2020-10-07,"Schab pieczony z kaszą jęczmienną, surówka z kapusty pekińskiej",lunch_pl,537,1,NA,http://creatinginterfaces.demo.52north.org/slupsk-tool/media/kindergartendishs/II_danie_-07.10.2020.jpg,"Schab pieczony z kaszą jęczmienną, surówka z kapusty pekińskiej",Obiad,NA,Przedszkole Miejskie nr 12 Niezapominajka,NA,NA,NA,NA
9,12,2020-10-06,Kanapki z wędliną i warzywami; budyń z musem malinowym,breakfast_pl,409,"1, 7",NA,http://creatinginterfaces.demo.52north.org/slupsk-tool/media/kindergartendishs/%C5%9ANIADANIE_06.10.2020.jpg,Kanapki z wędliną i warzywami; budyń z musem malinowym,Śniadanie,NA,Przedszkole Miejskie nr 12 Niezapominajka,3,5,4.39,3
10,12,2020-10-07,Kanapki z pastą z gotowanego mięsa z warzywami i warzywa; jogurt owocowy,breakfast_pl,400,"1, 7",NA,http://creatinginterfaces.demo.52north.org/slupsk-tool/media/kindergartendishs/I_i_II_%C5%9Bniadanie_-_07.10.2020.jpg,Kanapki z pastą z gotowanego mięsa z warzywami i warzywa; jogurt owocowy,Śniadanie,NA,Przedszkole Miejskie nr 12 Niezapominajka,NA,NA,NA,NA
25,12,2020-12-08,Kisiel z jabłkiem,breakfast_pl,59.95,NA,5to10_pl,http://creatinginterfaces.demo.52north.org/slupsk-tool/media/kindergartendishs/II_%C5%9ANIADANIE_1_1.jpg,Kisiel z jabłkiem,Śniadanie,od 5 % do 10 %,Przedszkole Miejskie nr 12 Niezapominajka,4,4.75,4.39,4.75
12,22,2020-10-06,Płatki owsiane na mleku; pieczywo z pastą jajeczną; jogurt naturalny z musem owocowym,breakfast_pl,456,"1, 3, 7, 10",5to10_pl,http://creatinginterfaces.demo.52north.org/slupsk-tool/media/kindergartendishs/6_-25.jpg,Płatki owsiane na mleku; pieczywo z pastą jajeczną; jogurt naturalny z musem owocowym,Śniadanie,od 5 % do 10 %,Przedszkole Miejskie nr 25 im. Kubusia Puchatka,2.5,4,4.39,3.5
14,22,2020-10-08,"Płatki kukurydziane na mleku, pieczywo z pastą z wędzonego łososia, kisiel",breakfast_pl,500,"1, 4, 7",less5_pl,http://creatinginterfaces.demo.52north.org/slupsk-tool/media/kindergartendishs/2_-25.jpg,"Płatki kukurydziane na mleku, pieczywo z pastą z wędzonego łososia, kisiel",Śniadanie,mniej niż 5 %,Przedszkole Miejskie nr 25 im. Kubusia Puchatka,NA,NA,NA,NA
27,12,2020-12-08,Kotlet z piersi kurczaka z ziemniakami i bukietem warzyw,lunch_pl,491.93,"1,3,7",11to25_pl,http://creatinginterfaces.demo.52north.org/slupsk-tool/media/kindergartendishs/II_DANIE_08.12.2020_1.jpg,Kotlet z piersi kurczaka z ziemniakami i bukietem warzyw,Obiad,od 11 % do 25 %,Przedszkole Miejskie nr 12 Niezapominajka,5,5,4.39,4.8
26,12,2020-12-08,"Zupa ogórkowa, pieczywo",lunch_pl,491.93,"1,7,9",11to25_pl,http://creatinginterfaces.demo.52north.org/slupsk-tool/media/kindergartendishs/ZUPA_08.12.2020_1.jpg,"Zupa ogórkowa, pieczywo",Obiad,od 11 % do 25 %,Przedszkole Miejskie nr 12 Niezapominajka,3.2,4.6,4.39,4.8
13,22,2020-10-07,Zacierka na mleku; pieczywo z masłem orzechowym i serkiem topionym; taca owocowo-warzywna,breakfast_pl,585,"1, 7, 8",11to25_pl,http://creatinginterfaces.demo.52north.org/slupsk-tool/media/kindergartendishs/11-25.jpg,Zacierka na mleku; pieczywo z masłem orzechowym i serkiem topionym; taca owocowo-warzywna,Śniadanie,od 11 % do 25 %,Przedszkole Miejskie nr 25 im. Kubusia Puchatka,NA,NA,NA,NA
16,12,2020-12-07,Banan,breakfast_pl,202.31,NA,less5_pl,http://creatinginterfaces.demo.52north.org/slupsk-tool/media/kindergartendishs/IMG_20201207_112435.jpg,Banan,Śniadanie,mniej niż 5 %,Przedszkole Miejskie nr 12 Niezapominajka,5,5,4.39,5
36,12,2020-12-09,Wafle z amarantusem mandarynka,afternoon_tea_pl,86.2,NA,11to25_pl,http://creatinginterfaces.demo.52north.org/slupsk-tool/media/kindergartendishs/PODWIECZOREK_zmien_rozmiary.jpg,Wafle z amarantusem mandarynka,Podwieczorek,od 11 % do 25 %,Przedszkole Miejskie nr 12 Niezapominajka,4.75,4.5,4.39,4.5
18,12,2020-12-07,"Jabłko, piernik świąteczny",afternoon_tea_pl,147.84,NA,less5_pl,http://creatinginterfaces.demo.52north.org/slupsk-tool/media/kindergartendishs/IMG_20201207_131233.jpg,"Jabłko, piernik świąteczny",Podwieczorek,mniej niż 5 %,Przedszkole Miejskie nr 12 Niezapominajka,5,5,4.39,4.8
24,12,2020-12-08,"Pieczywo z pastą z jajek z warzywami, kakao z mlekiem",breakfast_pl,304.66,"1, 3, 7",less5_pl,http://creatinginterfaces.demo.52north.org/slupsk-tool/media/kindergartendishs/%C5%9Aniadanie_08.12.2020_1.jpg,"Pieczywo z pastą z jajek z warzywami, kakao z mlekiem",Śniadanie,mniej niż 5 %,Przedszkole Miejskie nr 12 Niezapominajka,4.67,4.67,4.39,4.67
28,22,2020-12-08,"Pieczywo z paprykarzem domowym i żółtym serem, warzywa; płatki owsiane na mleku",breakfast_pl,442.8,"1,4,7",less5_pl,http://creatinginterfaces.demo.52north.org/slupsk-tool/media/kindergartendishs/%C5%9Bniadanie.jpg,"Pieczywo z paprykarzem domowym i żółtym serem, warzywa; płatki owsiane na mleku",Śniadanie,mniej niż 5 %,Przedszkole Miejskie nr 25 im. Kubusia Puchatka,4,4.6,4.39,4.4
29,22,2020-12-08,Jogurt naturalny z brzoskwinią,NA,106.26,7,less5_pl,http://creatinginterfaces.demo.52north.org/slupsk-tool/media/kindergartendishs/2_%C5%9Bniadanie.jpg,Jogurt naturalny z brzoskwinią,NA,mniej niż 5 %,Przedszkole Miejskie nr 25 im. Kubusia Puchatka,NA,NA,4.39,NA
20,22,2020-12-07,Pomarańcza,breakfast_pl,53.83,NA,less5_pl,http://creatinginterfaces.demo.52north.org/slupsk-tool/media/kindergartendishs/II_%C5%9Bniadanie.jpg,Pomarańcza,Śniadanie,mniej niż 5 %,Przedszkole Miejskie nr 25 im. Kubusia Puchatka,4.6,NA,4.39,4.8
30,22,2020-12-08,Krupnik,lunch_pl,185.23,"1, 7, 9",11to25_pl,http://creatinginterfaces.demo.52north.org/slupsk-tool/media/kindergartendishs/zupa_.jpg,Krupnik,Obiad,od 11 % do 25 %,Przedszkole Miejskie nr 25 im. Kubusia Puchatka,4.6,5,4.39,5
22,22,2020-12-07,"Racuchy z jabłkami, polewą śmietankową i cukrem pudrem; kompot truskawkowy",lunch_pl,591.42,"1, 3, 7",5to10_pl,http://creatinginterfaces.demo.52north.org/slupsk-tool/media/kindergartendishs/Obiad_0LfxHBz.jpg,"Racuchy z jabłkami, polewą śmietankową i cukrem pudrem; kompot truskawkowy",Obiad,od 5 % do 10 %,Przedszkole Miejskie nr 25 im. Kubusia Puchatka,3.83,4.5,4.39,3.5
23,12,2020-12-07,"Makaron z twarogiem, polewa śmietanowo- jogurtowa, mini marchewki",lunch_pl,424.53,"1, 7",5to10_pl,http://creatinginterfaces.demo.52north.org/slupsk-tool/media/kindergartendishs/IMG_20201207_134059.jpg,"Makaron z twarogiem, polewa śmietanowo- jogurtowa, mini marchewki",Obiad,od 5 % do 10 %,Przedszkole Miejskie nr 12 Niezapominajka,4.17,4.5,4.39,4.5
21,22,2020-12-07,Zupa porowa z klopsikami wieprzowymi,lunch_pl,196.75,"1, 3, 7, 9",5to10_pl,http://creatinginterfaces.demo.52north.org/slupsk-tool/media/kindergartendishs/zupa.jpg,Zupa porowa z klopsikami wieprzowymi,Obiad,od 5 % do 10 %,Przedszkole Miejskie nr 25 im. Kubusia Puchatka,2.6,4.8,4.39,4.8
19,22,2020-12-07,"Płatki orkiszowe na mleku, pieczywo z szynką i warzywami",breakfast_pl,327.68,"1,3,4,6,7,8,9,10,11",less5_pl,http://creatinginterfaces.demo.52north.org/slupsk-tool/media/kindergartendishs/I_%C5%9Bniadanie_2.jpg,"Płatki orkiszowe na mleku, pieczywo z szynką i warzywami",Śniadanie,mniej niż 5 %,Przedszkole Miejskie nr 25 im. Kubusia Puchatka,3.6,5,4.39,4.8
15,12,2020-12-07,"Płatki owsiane z mlekiem, bułka z dżemem",breakfast_pl,319.88,"1, 7",less5_pl,http://creatinginterfaces.demo.52north.org/slupsk-tool/media/kindergartendishs/IMG_20201207_084201.jpg,"Płatki owsiane z mlekiem, bułka z dżemem",Śniadanie,mniej niż 5 %,Przedszkole Miejskie nr 12 Niezapominajka,4.67,4.83,4.39,4.83
31,22,2020-12-08,"Kotlet schabowy, ziemniaki z koperkiem, surówka z czerwonej kapusty",lunch_pl,537.32,"1, 3, 7",11to25_pl,http://creatinginterfaces.demo.52north.org/slupsk-tool/media/kindergartendishs/2_danie.jpg,"Kotlet schabowy, ziemniaki z koperkiem, surówka z czerwonej kapusty",Obiad,od 11 % do 25 %,Przedszkole Miejskie nr 25 im. Kubusia Puchatka,4.33,4.5,4.39,4
32,12,2020-12-08,Śliwki,afternoon_tea_pl,90,NA,5to10_pl,http://creatinginterfaces.demo.52north.org/slupsk-tool/media/kindergartendishs/Podwieczorek_08.12.2020_1.jpg,Śliwki,Podwieczorek,od 5 % do 10 %,Przedszkole Miejskie nr 12 Niezapominajka,5,5,4.39,5
33,12,2020-12-09,"Pieczywo z wędliną i warzywami, kawa z mlekiem",breakfast_pl,292.02,"1, 7, 9",less5_pl,http://creatinginterfaces.demo.52north.org/slupsk-tool/media/kindergartendishs/%C5%9ANIADANIE_-_09.12.2020_zmien_rozmiary.jpg,"Pieczywo z wędliną i warzywami, kawa z mlekiem",Śniadanie,mniej niż 5 %,Przedszkole Miejskie nr 12 Niezapominajka,4.5,4.5,4.39,4.67
34,12,2020-12-09,Winogrono,breakfast_pl,104.88,NA,less5_pl,http://creatinginterfaces.demo.52north.org/slupsk-tool/media/kindergartendishs/II_SNIADANIE_zmien_rozmiary.jpg,Winogrono,Śniadanie,mniej niż 5 %,Przedszkole Miejskie nr 12 Niezapominajka,4.67,4.67,4.39,4.67
35,12,2020-12-09,"Zupa jarzynowa, pieczywo",lunch_pl,496.05,"1, 7, 9",11to25_pl,http://creatinginterfaces.demo.52north.org/slupsk-tool/media/kindergartendishs/ZUPA_zmien_rozmiary.jpg,"Zupa jarzynowa, pieczywo",Obiad,od 11 % do 25 %,Przedszkole Miejskie nr 12 Niezapominajka,4.75,4.75,4.39,4.75
37,12,2020-12-09,"Pierogi leniwe z bułką tartą i masłem, surówka z selera, marchewki z rodzynkami i jogurtem",lunch_pl,496.05,"1, 3, 7, 9",less5_pl,http://creatinginterfaces.demo.52north.org/slupsk-tool/media/kindergartendishs/II_DANIE_zmien_rozmiary.jpg,"Pierogi leniwe z bułką tartą i masłem, surówka z selera, marchewki z rodzynkami i jogurtem",Obiad,mniej niż 5 %,Przedszkole Miejskie nr 12 Niezapominajka,4.67,4.67,4.39,4.67
39,22,2020-12-09,Winogrono białe i ciemne,breakfast_pl,NA,"65,38",less5_pl,http://creatinginterfaces.demo.52north.org/slupsk-tool/media/kindergartendishs/20201209_094454_zmien_rozmiary.jpg,Winogrono białe i ciemne,Śniadanie,mniej niż 5 %,Przedszkole Miejskie nr 25 im. Kubusia Puchatka,4.67,4.83,4.39,5
40,22,2020-12-09,"Zupa pieczarkowa, pieczywo",breakfast_pl,205.06,"1, 7, 9",less5_pl,http://creatinginterfaces.demo.52north.org/slupsk-tool/media/kindergartendishs/zupa_zmien_rozmiary.jpg,"Zupa pieczarkowa, pieczywo",Śniadanie,mniej niż 5 %,Przedszkole Miejskie nr 25 im. Kubusia Puchatka,3,3.6,4.39,4
42,12,2020-12-10,"Pieczywo z serem żółtym i warzywami, kakao z mlekiem",breakfast_pl,311.97,"1, 7",less5_pl,http://creatinginterfaces.demo.52north.org/slupsk-tool/media/kindergartendishs/SNIADANIE_zmien_rozmiary.jpg,"Pieczywo z serem żółtym i warzywami, kakao z mlekiem",Śniadanie,mniej niż 5 %,Przedszkole Miejskie nr 12 Niezapominajka,4.33,4.67,4.39,4.67
38,22,2020-12-09,"Zupa mleczna z makaronem, chałka z dżemem i serkiem homogenizowanym",breakfast_pl,498.78,"1, 3, 7",less5_pl,http://creatinginterfaces.demo.52north.org/slupsk-tool/media/kindergartendishs/%C5%9Bniadanie_zmien_rozmiary.jpg,"Zupa mleczna z makaronem, chałka z dżemem i serkiem homogenizowanym",Śniadanie,mniej niż 5 %,Przedszkole Miejskie nr 25 im. Kubusia Puchatka,4.33,4.67,4.39,4.67
41,22,2020-12-09,Potrawka z kurczaka z warzywami i ryżem; fasolka szparagowa,lunch_pl,291.01,"1, 7",5to10_pl,http://creatinginterfaces.demo.52north.org/slupsk-tool/media/kindergartendishs/2_danie__zmien_rozmiary.jpg,Potrawka z kurczaka z warzywami i ryżem; fasolka szparagowa,Obiad,od 5 % do 10 %,Przedszkole Miejskie nr 25 im. Kubusia Puchatka,3.83,4.67,4.39,4.83
43,12,2020-12-10,Jogurt naturalny z musem owocowym,breakfast_pl,70.81,7,less5_pl,http://creatinginterfaces.demo.52north.org/slupsk-tool/media/kindergartendishs/II_%C5%9ANIADANIE_zmien_rozmiary.jpg,Jogurt naturalny z musem owocowym,Śniadanie,mniej niż 5 %,Przedszkole Miejskie nr 12 Niezapominajka,4,4.67,4.39,4.67
47,12,2020-12-10,Krem brokułowy z grzankami czosnkowymi,lunch_pl,499,"1, 7, 9",11to25_pl,http://creatinginterfaces.demo.52north.org/slupsk-tool/media/kindergartendishs/ZUPA_zmien_rozmiary_2.jpg,Krem brokułowy z grzankami czosnkowymi,Obiad,od 11 % do 25 %,Przedszkole Miejskie nr 12 Niezapominajka,4,4.33,4.39,4.67
45,12,2020-12-10,"Kiwi, crypsy owocowe",afternoon_tea_pl,102.86,NA,11to25_pl,http://creatinginterfaces.demo.52north.org/slupsk-tool/media/kindergartendishs/podwieczorek_zmien_rozmiary_1.jpg,"Kiwi, crypsy owocowe",Podwieczorek,od 11 % do 25 %,Przedszkole Miejskie nr 12 Niezapominajka,4.67,4.67,4.39,5
46,12,2020-12-10,"Zrazy wołowo-wieprzowe z kaszą gryczaną, buraczki z cebulą i olejem",lunch_pl,499,"1, 3",11to25_pl,http://creatinginterfaces.demo.52north.org/slupsk-tool/media/kindergartendishs/II_DANIE_zmien_rozmiary_Ix4L4df.jpg,"Zrazy wołowo-wieprzowe z kaszą gryczaną, buraczki z cebulą i olejem",Obiad,od 11 % do 25 %,Przedszkole Miejskie nr 12 Niezapominajka,4,4.67,4.39,4.67
48,22,2020-12-10,"Płatki jęczmienne na mleku, pieczywo z twarożkiem i warzywami oraz z szynką",breakfast_pl,404.83,"1, 7",less5_pl,http://creatinginterfaces.demo.52north.org/slupsk-tool/media/kindergartendishs/20201210_081114_zmien_rozmiary.jpg,"Płatki jęczmienne na mleku, pieczywo z twarożkiem i warzywami oraz z szynką",Śniadanie,mniej niż 5 %,Przedszkole Miejskie nr 25 im. Kubusia Puchatka,4.17,4.83,4.39,4.83
49,22,2020-12-10,"Kisiel jabłkowy do picia, wafle ryżowe",breakfast_pl,144.12,NA,less5_pl,http://creatinginterfaces.demo.52north.org/slupsk-tool/media/kindergartendishs/20201210_095140_zmien_rozmiary.jpg,"Kisiel jabłkowy do picia, wafle ryżowe",Śniadanie,mniej niż 5 %,Przedszkole Miejskie nr 25 im. Kubusia Puchatka,4.2,4.2,4.39,4.2
50,22,2020-12-10,Pieczeń rzymska z kaszą gryczaną i surówką z białej rzodkiewki,lunch_pl,427.7,"1,3,7,12",11to25_pl,http://creatinginterfaces.demo.52north.org/slupsk-tool/media/kindergartendishs/20201210_120211_zmien_rozmiary.jpg,Pieczeń rzymska z kaszą gryczaną i surówką z białej rzodkiewki,Obiad,od 11 % do 25 %,Przedszkole Miejskie nr 25 im. Kubusia Puchatka,3,3.83,4.39,4.67
51,22,2020-12-10,Rosół z makaronem; mandarynka,lunch_pl,287.4,"1,3,9",more25_pl,http://creatinginterfaces.demo.52north.org/slupsk-tool/media/kindergartendishs/20201210_131616_zmien_rozmiary.jpg,Rosół z makaronem; mandarynka,Obiad,więcej niż 25 %,Przedszkole Miejskie nr 25 im. Kubusia Puchatka,4.83,4.83,4.39,4.83
52,12,2020-12-11,"Pieczywo z twarogiem na słodko i z twarogiem z warzywami, kawa z mlekiem",breakfast_pl,296.16,"1, 7",less5_pl,http://creatinginterfaces.demo.52north.org/slupsk-tool/media/kindergartendishs/%C5%9Bniadanie_zmien_rozmiary_veTUjVS.jpg,"Pieczywo z twarogiem na słodko i z twarogiem z warzywami, kawa z mlekiem",Śniadanie,mniej niż 5 %,Przedszkole Miejskie nr 12 Niezapominajka,4,4.67,4.39,4.67
53,12,2020-12-11,Koktajl truskawkowo-bananowy,breakfast_pl,128.12,7,less5_pl,http://creatinginterfaces.demo.52north.org/slupsk-tool/media/kindergartendishs/II_%C5%9ANIADANIE_zmien_rozmiary_rGIaC7s.jpg,Koktajl truskawkowo-bananowy,Śniadanie,mniej niż 5 %,Przedszkole Miejskie nr 12 Niezapominajka,3.67,4.67,4.39,4.67
54,12,2020-12-11,Zupa pomidorowa z brązowym ryżem i bazyli,lunch_pl,531.81,"1, 7, 9",11to25_pl,http://creatinginterfaces.demo.52north.org/slupsk-tool/media/kindergartendishs/ZUPA_zmien_rozmiary_5zRHmQC.jpg,Zupa pomidorowa z brązowym ryżem i bazyli,Obiad,od 11 % do 25 %,Przedszkole Miejskie nr 12 Niezapominajka,3.67,4.67,4.39,4.67
56,12,2020-12-11,Pomarańcza,afternoon_tea_pl,101,NA,more25_pl,http://creatinginterfaces.demo.52north.org/slupsk-tool/media/kindergartendishs/PODWIECZOREK.jpg,Pomarańcza,Podwieczorek,więcej niż 25 %,Przedszkole Miejskie nr 12 Niezapominajka,4.67,4.67,4.39,4.67
55,12,2020-12-11,"Pulpety  z łososia w sosie koperkowym z ziemniakami, surówka z czerwonej i białej kapusty",lunch_pl,531.81,NA,11to25_pl,http://creatinginterfaces.demo.52north.org/slupsk-tool/media/kindergartendishs/II_DANIE_WxBIvYQ.jpg,"Pulpety  z łososia w sosie koperkowym z ziemniakami, surówka z czerwonej i białej kapusty",Obiad,od 11 % do 25 %,Przedszkole Miejskie nr 12 Niezapominajka,4.33,4.67,4.39,4.67
57,22,2020-12-11,"Płatki kukurydziane na mleku, pieczywo z gotowaną piersią z indyka, warzywa",breakfast_pl,446.59,"1,7",less5_pl,http://creatinginterfaces.demo.52north.org/slupsk-tool/media/kindergartendishs/20201211_081548_zmien_rozmiary.jpg,"Płatki kukurydziane na mleku, pieczywo z gotowaną piersią z indyka, warzywa",Śniadanie,mniej niż 5 %,Przedszkole Miejskie nr 25 im. Kubusia Puchatka,4,5,4.39,5
58,22,2020-12-11,"Gruszka, jabłko",breakfast_pl,80.11,NA,11to25_pl,http://creatinginterfaces.demo.52north.org/slupsk-tool/media/kindergartendishs/20201211_095853_zmien_rozmiary.jpg,"Gruszka, jabłko",Śniadanie,od 11 % do 25 %,Przedszkole Miejskie nr 25 im. Kubusia Puchatka,5,5,4.39,5
59,22,2020-12-11,"Żurek z jajkiem i kiełbasą, chleb pszenno-żytni",lunch_pl,254.04,"1,3,6,7,8,9,10,11",11to25_pl,http://creatinginterfaces.demo.52north.org/slupsk-tool/media/kindergartendishs/20201211_132416_zmien_rozmiary.jpg,"Żurek z jajkiem i kiełbasą, chleb pszenno-żytni",Obiad,od 11 % do 25 %,Przedszkole Miejskie nr 25 im. Kubusia Puchatka,3.25,4,4.39,4
60,22,2020-12-11,"Kotlet rybny z sandacza z ziemniakami, surówka z białej kapusty i marchwii",lunch_pl,507.84,"1, 3, 4",11to25_pl,http://creatinginterfaces.demo.52north.org/slupsk-tool/media/kindergartendishs/20201211_115656_zmien_rozmiary.jpg,"Kotlet rybny z sandacza z ziemniakami, surówka z białej kapusty i marchwii",Obiad,od 11 % do 25 %,Przedszkole Miejskie nr 25 im. Kubusia Puchatka,4.67,4.67,4.39,4.67
